wildtype_id,mutant_id,RMSD,mutant_lDDT,wildtype_lDDT,normalized_lDDT,Type
2p39_A,5w21_B,1.75,0.8215,0.8604,0.9547884705,2
3otf_A,4hbn_A,0.6,0.8925,0.9041,0.9871695609,1
3uom_A,5crg_A,1.81,0.9189,0.8779,1.046702358,1
6pce_A,6pcf_A,0.98,0.8872,0.8903,0.9965180276,1
1ege_A,4p13_A,0.46,0.9317,0.8769,1.062492873,1
3u2u_A,3rmv_A,1.47,0.8859,0.8355,1.06032316,1
1or3_A,1gs9_A,1.56,0.8651,0.7802,1.108818252,0
3s4m_A,3s5e_A,0.46,0.9224,0.9372,0.98420828,0
5epc_A,5jn5_B,0.47,0.9152,0.9144,1.000874891,0
4tq1_A,5d7g_A,0.91,0.9002,0.8921,1.0090797,2
2dn1_B,5e6e_B,0.15,0.8969,0.8974,0.9994428349,2
1e0o_B,2fdb_P,2.82,0.8562,0.8499,1.007412637,2
4ndh_A,4ndi_B,1.41,0.928,0.928,1,0
5in3_A,6gqd_A,1.02,0.8767,0.9367,0.93594534,1
2c9v_A,3k91_B,0.55,0.892,0.9205,0.969038566,1
2zt5_A,4kqe_A,1.98,0.8766,0.8541,1.026343519,1
6e08_L,6e07_B,0.59,0.9191,0.92,0.9990217391,1
1gjo_A,2pwl_B,0.92,0.8817,0.832,1.059735577,1
6cfo_A,6cer_A,0.73,0.8696,0.9364,0.9286629645,2
3k8y_A,3oiw_A,0.12,0.9013,0.8968,1.005017841,0
4xem_A,4xeo_A,0.51,0.9099,0.9147,0.9947523778,0
5f9s_A,5luc_A,0.31,0.9501,0.9441,1.006355259,1
6ms7_A,4l98_B,1.9,0.8536,0.8883,0.9609366205,1
1u7b_A,5e0v_A,0.8,0.8838,0.902,0.9798226164,2
6b42_A,5waa_A,1.04,0.9168,0.927,0.9889967638,1
1p5f_A,2rk4_A,0.15,0.9676,0.9636,1.0041511,1
6b0o_A,6b0r_A,1.69,0.8952,0.8999,0.9947771975,0
5mct_A,6ggc_A,0.74,0.9294,0.9151,1.015626707,0
1ek6_A,1i3k_A,0.53,0.9195,0.9238,0.9953453128,1
4wxq_A,6ou0_A,1.61,0.8396,0.9152,0.9173951049,0
1k5n_B,5csb_A,1.8,0.7996,0.9061,0.8824633043,0
1i4m_A,3heq_B,2.11,0.7703,0.7295,1.055928718,1
2nwd_X,1oua_A,0.26,0.9416,0.9359,1.006090394,0
1n3l_A,5thh_A,1.25,0.8805,0.85,1.035882353,1
4igk_A,1n5o_X,0.98,0.899,0.9164,0.9810126582,0
6qw3_A,6h1f_B,0.41,0.9325,0.9162,1.017790875,2
3vf0_A,5l0h_A,0.94,0.8684,0.8396,1.034302049,0
1r74_A,2azt_A,0.28,0.8296,0.8341,0.9946049634,1
1fil_A,4x25_B,0.89,0.9154,0.8911,1.027269667,0
4ky2_A,5cly_A,0.38,0.9507,0.9376,1.013971843,1
1bz4_A,1gs9_A,0.53,0.8754,0.8728,1.002978918,0
1m6i_A,5fs8_A,0.27,0.8652,0.8689,0.9957417424,0
1n5u_A,1hk3_A,3.92,0.8721,0.8269,1.054661991,0
1unq_A,2uzr_A,1.49,0.854,0.8199,1.041590438,0
5vi6_A,4qa7_A,0.56,0.9431,0.9351,1.008555235,2
3l3x_A,1gs4_A,1.01,0.9175,0.9116,1.006472137,0
3dar_A,3oj2_C,0.46,0.8757,0.9503,0.9214984742,2
5vwo_A,6hx7_A,0.28,0.9587,0.9458,1.013639247,1
4ye6_A,4ye9_A,0.68,0.8302,0.8484,0.9785478548,0
4poc_A,2vom_A,0.29,0.9438,0.9506,0.9928466232,1
1jbq_A,4l28_A,1.16,0.8922,0.9112,0.9791483758,1
4aoh_A,4ahm_A,0.3,0.915,0.8361,1.094366703,0
3sd6_A,4gjf_A,0.31,0.6006,0.5882,1.021081265,0
1r3q_A,1jph_A,0.37,0.9377,0.9448,0.992485182,1
1hk0_X,6eta_A,0.7,0.8881,0.8889,0.9991000112,0
5m4g_A,5mc1_A,0.93,0.9442,0.9496,0.9943133951,1
6mq9_A,6mql_A,1.13,0.866,0.8402,1.030706975,0
5b6c_A,4ko8_A,0.95,0.8281,0.9082,0.9118035675,1
4djc_A,6u3a_A,1.82,0.7306,0.8828,0.827594019,2
6s2m_A,5n4p_A,0.44,0.9138,0.8904,1.026280323,0